type,img,label,x1,y1,x2,y2
,./dataset/1/1.jpg,rice,0,143,370,486
,./dataset/1/2.jpg,rice,20,208,582,559
,./dataset/1/3.jpg,rice,2,110,243,410
,./dataset/1/4.jpg,rice,0,237,286,536
,./dataset/1/5.jpg,rice,8,28,761,585
,./dataset/1/6.jpg,rice,0,38,369,310
,./dataset/1/7.jpg,rice,0,162,383,450
,./dataset/1/8.jpg,rice,80,31,776,454
,./dataset/1/9.jpg,rice,2,226,270,470
,./dataset/1/10.jpg,rice,71,16,478,328
,./dataset/1/12.jpg,rice,94,150,669,567
,./dataset/1/13.jpg,rice,0,109,344,480
,./dataset/1/14.jpg,rice,0,337,240,600
,./dataset/1/17.jpg,rice,0,33,414,486
,./dataset/1/18.jpg,rice,267,158,470,357
,./dataset/1/19.jpg,rice,352,135,500,326
,./dataset/1/20.jpg,rice,0,154,457,542
,./dataset/1/21.jpg,rice,8,5,456,285
,./dataset/1/22.jpg,rice,310,200,500,375
,./dataset/1/23.jpg,rice,0,62,252,250
,./dataset/1/24.jpg,rice,0,146,640,547
,./dataset/1/25.jpg,rice,228,270,449,480
,./dataset/1/26.jpg,rice,255,125,466,292
,./dataset/1/27.jpg,rice,355,23,594,239
,./dataset/1/28.jpg,rice,11,135,180,263
,./dataset/1/29.jpg,rice,1,1,564,480
,./dataset/1/30.jpg,rice,7,87,203,250
,./dataset/1/31.jpg,rice,12,230,233,399
,./dataset/1/33.jpg,rice,10,133,217,318
,./dataset/1/34.jpg,rice,76,41,516,448
,./dataset/1/35.jpg,rice,268,130,487,351
,./dataset/1/36.jpg,rice,36,25,430,345
,./dataset/1/37.jpg,rice,266,18,448,224
,./dataset/1/38.jpg,rice,270,240,437,382
,./dataset/1/39.jpg,rice,4,128,480,694
,./dataset/1/41.jpg,rice,0,80,396,434
,./dataset/1/42.jpg,rice,0,0,636,473
,./dataset/1/44.jpg,rice,42,11,450,355
,./dataset/1/45.jpg,rice,43,16,400,353
,./dataset/1/50.jpg,rice,195,181,493,400
,./dataset/1/51.jpg,rice,0,0,500,375
,./dataset/1/52.jpg,rice,198,57,500,343
,./dataset/1/53.jpg,rice,0,0,432,425
,./dataset/1/58.jpg,rice,0,164,302,468
,./dataset/1/59.jpg,rice,354,169,640,420
,./dataset/1/60.jpg,rice,0,9,800,600
,./dataset/1/61.jpg,rice,0,122,228,315
,./dataset/1/62.jpg,rice,0,77,372,300
,./dataset/1/63.jpg,rice,0,135,334,493
,./dataset/1/64.jpg,rice,0,0,600,450
,./dataset/1/65.jpg,rice,0,155,281,457
,./dataset/1/66.jpg,rice,0,39,640,737
,./dataset/1/67.jpg,rice,0,0,640,480
,./dataset/1/68.jpg,rice,0,0,513,346
,./dataset/1/69.jpg,rice,8,12,431,315
,./dataset/1/70.jpg,rice,0,0,480,360
,./dataset/1/71.jpg,rice,47,0,800,600
,./dataset/1/72.jpg,rice,0,218,362,569
,./dataset/1/73.jpg,rice,113,82,668,482
,./dataset/1/74.jpg,rice,78,61,710,593
,./dataset/1/75.jpg,rice,96,0,800,600
,./dataset/1/76.jpg,rice,80,18,783,584
,./dataset/1/77.jpg,rice,20,63,710,600
,./dataset/1/78.jpg,rice,29,1,772,600
,./dataset/1/79.jpg,rice,67,0,728,542
,./dataset/1/80.jpg,rice,52,10,759,600
,./dataset/1/81.jpg,rice,10,169,276,404
,./dataset/1/85.jpg,rice,48,249,302,464
,./dataset/1/87.jpg,rice,0,221,252,454
,./dataset/1/88.jpg,rice,49,307,340,560
,./dataset/1/89.jpg,rice,30,284,363,582
,./dataset/1/90.jpg,rice,30,300,346,578
,./dataset/1/91.jpg,rice,111,288,414,524
,./dataset/1/92.jpg,rice,42,321,337,584
,./dataset/1/93.jpg,rice,37,236,331,517
,./dataset/1/96.jpg,rice,29,266,366,549
,./dataset/1/97.jpg,rice,89,278,394,568
,./dataset/1/98.jpg,rice,16,152,304,404
,./dataset/1/4004.jpg,rice,26,90,99,154
,./dataset/1/4294.jpg,rice,58,138,150,222
,./dataset/1/4300.jpg,rice,112,98,261,222
,./dataset/1/4305.jpg,rice,33,66,116,133
,./dataset/1/4316.jpg,rice,2,150,150,298
,./dataset/1/4323.jpg,rice,20,113,130,219
,./dataset/1/4331.jpg,rice,7,162,162,319
,./dataset/1/4337.jpg,rice,8,181,182,334
,./dataset/1/4520.jpg,rice,13,61,82,93
,./dataset/1/4605.jpg,rice,253,165,422,338
,./dataset/1/4930.jpg,rice,0,140,168,438
,./dataset/1/4931.jpg,rice,436,156,640,390
,./dataset/1/4934.jpg,rice,0,87,75,173
,./dataset/1/4936.jpg,rice,60,21,152,101
,./dataset/1/4938.jpg,rice,0,168,125,308
,./dataset/1/4953.jpg,rice,28,176,297,285
,./dataset/1/4955.jpg,rice,1,109,73,192
,./dataset/1/4956.jpg,rice,42,0,233,93
,./dataset/1/4958.jpg,rice,245,155,500,361
,./dataset/1/4972.jpg,rice,0,95,136,222
,./dataset/1/4985.jpg,rice,417,78,498,258
,./dataset/1/4988.jpg,rice,0,140,126,328
,./dataset/1/5013.jpg,rice,0,128,132,364
,./dataset/1/5044.jpg,rice,0,160,168,402
,./dataset/1/5073.jpg,rice,0,187,206,375
,./dataset/1/5074.jpg,rice,282,80,512,168
,./dataset/1/5075.jpg,rice,163,135,500,372
,./dataset/1/5077.jpg,rice,256,114,320,218
,./dataset/1/5087.jpg,rice,253,50,500,251
,./dataset/1/5101.jpg,rice,0,180,244,461
,./dataset/1/5106.jpg,rice,0,58,60,205
,./dataset/1/5109.jpg,rice,0,168,188,384
,./dataset/1/5115.jpg,rice,0,168,192,342
,./dataset/1/5127.jpg,rice,259,1,400,100
,./dataset/1/5142.jpg,rice,175,0,354,91
,./dataset/1/5149.jpg,rice,0,94,143,238
,./dataset/1/5158.jpg,rice,61,227,375,494
,./dataset/1/5169.jpg,rice,0,106,119,278
,./dataset/1/5170.jpg,rice,0,1,108,74
,./dataset/1/5170.jpg,rice,103,0,294,31
,./dataset/1/5180.jpg,rice,0,122,101,286
,./dataset/1/5245.jpg,rice,0,90,102,195
,./dataset/1/5512.jpg,rice,20,102,153,225
,./dataset/1/6476.jpg,rice,4,0,232,214
,./dataset/1/6910.jpg,rice,0,78,125,212
,./dataset/1/6974.jpg,rice,0,171,220,418
,./dataset/1/7037.jpg,rice,312,183,453,292
,./dataset/1/7046.jpg,rice,36,180,318,408
,./dataset/1/7054.jpg,rice,0,255,488,540
,./dataset/1/7077.jpg,rice,43,151,298,371
,./dataset/1/7145.jpg,rice,0,75,188,293
,./dataset/1/7263.jpg,rice,6,288,331,553
,./dataset/1/7293.jpg,rice,0,22,180,268
,./dataset/1/7321.jpg,rice,0,96,226,272
,./dataset/1/7337.jpg,rice,400,133,500,322
,./dataset/1/9044.jpg,rice,40,106,445,504
,./dataset/1/9056.jpg,rice,17,121,465,501
,./dataset/1/9091.jpg,rice,66,42,417,303
,./dataset/1/9094.jpg,rice,88,24,436,321
,./dataset/1/9100.jpg,rice,0,67,426,357
,./dataset/1/9102.jpg,rice,72,10,445,294
,./dataset/1/9104.jpg,rice,0,75,360,454
,./dataset/1/9106.jpg,rice,0,102,360,429
,./dataset/1/9112.jpg,rice,48,25,438,288
,./dataset/1/9117.jpg,rice,69,24,426,328
,./dataset/1/9135.jpg,rice,30,81,315,375
,./dataset/1/9209.jpg,rice,0,69,360,396
,./dataset/1/9218.jpg,rice,33,36,415,328
,./dataset/1/9222.jpg,rice,21,102,249,351
,./dataset/1/9308.jpg,rice,49,22,405,313
,./dataset/1/9320.jpg,rice,51,42,426,334
,./dataset/1/9335.jpg,rice,63,43,399,345
,./dataset/1/9340.jpg,rice,13,18,387,360
,./dataset/1/9341.jpg,rice,28,18,441,334
,./dataset/1/9352.jpg,rice,72,9,396,333
,./dataset/1/9366.jpg,rice,31,0,421,316
,./dataset/1/10572.jpg,rice,0,49,360,420
,./dataset/1/10586.jpg,rice,19,69,355,372
,./dataset/1/10617.jpg,rice,0,4,91,246
,./dataset/1/10618.jpg,rice,31,0,433,354
,./dataset/1/10621.jpg,rice,16,0,478,360
,./dataset/1/10628.jpg,rice,3,0,480,357
,./dataset/1/10630.jpg,rice,45,12,477,336
,./dataset/1/10633.jpg,rice,0,6,358,480
,./dataset/1/10634.jpg,rice,0,0,357,435
,./dataset/1/10640.jpg,rice,30,0,462,333
,./dataset/1/10645.jpg,rice,0,0,478,360
,./dataset/1/10666.jpg,rice,9,60,355,379
,./dataset/1/10740.jpg,rice,1,48,357,424
,./dataset/1/10753.jpg,rice,1,60,267,375
,./dataset/1/10910.jpg,rice,0,0,79,151
,./dataset/1/10993.jpg,rice,24,0,468,346
,./dataset/1/11020.jpg,rice,48,18,418,319
,./dataset/1/11039.jpg,rice,18,0,444,345
,./dataset/1/11059.jpg,rice,39,37,441,342
,./dataset/1/11063.jpg,rice,69,12,462,355
,./dataset/1/11064.jpg,rice,0,130,228,331
,./dataset/1/11094.jpg,rice,24,0,429,360
,./dataset/1/11098.jpg,rice,52,39,393,333
,./dataset/1/11108.jpg,rice,0,4,480,321
,./dataset/1/11119.jpg,rice,0,0,420,360
,./dataset/1/11134.jpg,rice,0,15,360,415
,./dataset/1/11136.jpg,rice,24,15,441,348
,./dataset/1/11138.jpg,rice,55,12,420,325
,./dataset/1/11156.jpg,rice,13,28,153,132
,./dataset/1/11159.jpg,rice,60,15,427,312
,./dataset/1/11161.jpg,rice,15,31,151,136
,./dataset/1/11165.jpg,rice,94,51,388,316
,./dataset/1/11167.jpg,rice,288,45,441,174
,./dataset/1/11180.jpg,rice,0,172,165,324
,./dataset/1/11184.jpg,rice,32,178,164,310
,./dataset/1/11186.jpg,rice,93,9,388,321
,./dataset/1/11194.jpg,rice,49,0,391,322
,./dataset/1/11197.jpg,rice,256,187,400,330
,./dataset/1/11200.jpg,rice,9,192,169,340
,./dataset/1/11201.jpg,rice,40,0,421,307
,./dataset/1/11292.jpg,rice,64,0,286,229
,./dataset/1/11317.jpg,rice,0,183,150,330
,./dataset/1/11326.jpg,rice,322,16,453,132
,./dataset/1/11331.jpg,rice,15,70,475,339
,./dataset/1/11337.jpg,rice,0,199,130,343
,./dataset/1/11352.jpg,rice,1,168,181,360
,./dataset/1/11440.jpg,rice,63,3,372,270
,./dataset/1/11459.jpg,rice,18,126,210,304
,./dataset/1/11568.jpg,rice,3,178,151,327
,./dataset/1/11573.jpg,rice,33,156,181,294
,./dataset/1/11575.jpg,rice,36,151,219,327
,./dataset/1/11576.jpg,rice,252,19,439,183
,./dataset/1/11577.jpg,rice,42,34,175,171
,./dataset/1/11590.jpg,rice,15,45,162,174
,./dataset/1/11593.jpg,rice,268,181,465,360
,./dataset/1/11597.jpg,rice,328,39,459,159
,./dataset/1/11608.jpg,rice,280,129,480,325
,./dataset/1/11649.jpg,rice,0,189,127,324
,./dataset/1/11650.jpg,rice,0,157,147,306
,./dataset/1/11686.jpg,rice,59,154,298,423
,./dataset/1/11689.jpg,rice,0,236,348,591
,./dataset/1/11694.jpg,rice,15,215,390,571
,./dataset/1/11732.jpg,rice,305,170,491,341
,./dataset/1/11737.jpg,rice,1,144,122,238
,./dataset/1/11774.jpg,rice,0,219,197,375
,./dataset/1/11862.jpg,rice,15,176,431,588
,./dataset/1/11956.jpg,rice,51,31,372,147
,./dataset/1/11962.jpg,rice,0,79,99,212
,./dataset/1/11990.jpg,rice,0,142,244,351
,./dataset/1/11997.jpg,rice,267,139,465,310
,./dataset/1/12079.jpg,rice,0,225,295,578
,./dataset/1/12081.jpg,rice,0,225,333,500
,./dataset/1/12082.jpg,rice,36,283,370,596
,./dataset/1/12084.jpg,rice,0,248,296,583
,./dataset/1/12086.jpg,rice,45,316,306,501
,./dataset/1/12095.jpg,rice,40,164,218,333
,./dataset/1/12098.jpg,rice,590,0,793,108
,./dataset/1/12108.jpg,rice,194,0,249,112
,./dataset/1/12169.jpg,rice,176,45,256,174
,./dataset/1/12171.jpg,rice,16,243,370,591
,./dataset/1/12184.jpg,rice,0,154,188,400
,./dataset/1/12209.jpg,rice,0,39,132,271
,./dataset/1/12245.jpg,rice,0,106,212,323
,./dataset/1/12923.jpg,rice,5,70,273,321
,./dataset/1/13164.jpg,rice,0,0,99,112
,./dataset/1/13182.jpg,rice,0,104,116,218
,./dataset/1/13233.jpg,rice,1,136,110,240
,./dataset/1/13236.jpg,rice,2,102,114,200
,./dataset/1/13262.jpg,rice,26,4,318,272
,./dataset/1/13264.jpg,rice,59,126,240,239
,./dataset/1/13273.jpg,rice,281,144,326,175
,./dataset/1/13276.jpg,rice,608,264,640,396
,./dataset/1/13295.jpg,rice,3,146,228,360
,./dataset/1/13297.jpg,rice,0,140,290,375
,./dataset/1/13325.jpg,rice,276,25,445,187
,./dataset/1/13327.jpg,rice,244,165,451,375
,./dataset/1/13329.jpg,rice,305,156,493,375
,./dataset/1/13331.jpg,rice,368,131,500,273
,./dataset/1/13333.jpg,rice,45,144,286,350
,./dataset/1/13379.jpg,rice,0,126,164,263
,./dataset/1/13389.jpg,rice,0,180,364,472
,./dataset/1/13406.jpg,rice,4,15,263,207
,./dataset/1/13414.jpg,rice,0,126,155,290
,./dataset/1/13468.jpg,rice,0,158,205,376
,./dataset/1/13639.jpg,rice,24,189,269,436
,./dataset/1/13645.jpg,rice,49,286,777,526
,./dataset/1/13646.jpg,rice,0,256,511,404
,./dataset/1/13671.jpg,rice,28,232,308,442
,./dataset/1/13676.jpg,rice,113,0,708,515
,./dataset/1/13690.jpg,rice,0,273,273,510
,./dataset/1/13693.jpg,rice,66,96,378,375
,./dataset/1/13695.jpg,rice,43,325,243,530
,./dataset/1/13696.jpg,rice,96,238,720,411
,./dataset/1/13701.jpg,rice,0,142,192,303
,./dataset/1/13702.jpg,rice,12,167,206,339
,./dataset/1/13704.jpg,rice,14,55,212,235
,./dataset/1/13705.jpg,rice,4,176,198,353
,./dataset/1/13708.jpg,rice,30,220,252,422
,./dataset/1/13723.jpg,rice,114,209,356,384
,./dataset/1/13724.jpg,rice,12,55,220,189
,./dataset/1/13731.jpg,rice,0,128,122,347
,./dataset/1/13732.jpg,rice,26,17,236,100
,./dataset/1/13733.jpg,rice,338,198,546,362
,./dataset/1/13734.jpg,rice,104,206,286,360
,./dataset/1/13735.jpg,rice,376,188,640,450
,./dataset/1/13736.jpg,rice,444,6,630,144
,./dataset/1/13739.jpg,rice,76,238,372,480
,./dataset/1/13740.jpg,rice,0,36,206,276
,./dataset/1/13745.jpg,rice,410,124,640,318
,./dataset/1/13746.jpg,rice,0,176,156,315
,./dataset/1/13747.jpg,rice,0,144,308,384
,./dataset/1/13748.jpg,rice,4,188,172,384
,./dataset/1/13749.jpg,rice,120,152,352,333
,./dataset/1/13752.jpg,rice,14,164,92,320
,./dataset/1/13754.jpg,rice,10,166,220,360
,./dataset/1/13755.jpg,rice,4,174,168,360
,./dataset/1/13757.jpg,rice,0,240,164,444
,./dataset/1/13763.jpg,rice,16,228,272,468
,./dataset/1/13764.jpg,rice,22,52,216,220
,./dataset/1/13774.jpg,rice,4,4,196,168
,./dataset/1/13775.jpg,rice,0,169,210,360
,./dataset/1/13776.jpg,rice,0,110,190,289
,./dataset/1/13779.jpg,rice,14,168,224,358
,./dataset/1/13780.jpg,rice,264,5,444,117
,./dataset/1/13781.jpg,rice,0,108,238,352
,./dataset/1/13782.jpg,rice,74,149,268,320
,./dataset/1/13787.jpg,rice,0,155,183,305
,./dataset/1/13806.jpg,rice,110,190,240,320
,./dataset/1/13815.jpg,rice,275,303,511,545
,./dataset/1/13819.jpg,rice,68,276,325,530
,./dataset/1/13822.jpg,rice,458,170,661,376
,./dataset/1/13827.jpg,rice,521,298,768,563
,./dataset/1/13838.jpg,rice,300,25,521,240
,./dataset/1/13840.jpg,rice,500,23,748,275
,./dataset/1/13847.jpg,rice,15,162,268,370
,./dataset/1/13857.jpg,rice,30,72,142,160
,./dataset/1/13859.jpg,rice,0,232,280,480
,./dataset/1/13867.jpg,rice,4,128,86,216
,./dataset/1/13882.jpg,rice,50,323,341,576
,./dataset/1/13887.jpg,rice,300,0,580,242
,./dataset/1/13888.jpg,rice,0,80,106,220
,./dataset/1/13893.jpg,rice,218,80,320,184
,./dataset/1/13898.jpg,rice,14,164,96,240
,./dataset/1/13903.jpg,rice,0,130,96,234
,./dataset/1/13933.jpg,rice,0,182,344,480
,./dataset/1/13938.jpg,rice,3,36,102,141
,./dataset/1/13947.jpg,rice,0,85,361,400
,./dataset/1/13948.jpg,rice,67,152,199,240
,./dataset/1/13958.jpg,rice,256,349,417,520
,./dataset/1/13960.jpg,rice,194,206,408,402
,./dataset/1/13969.jpg,rice,72,10,288,188
,./dataset/1/13978.jpg,rice,0,124,176,320
,./dataset/1/13985.jpg,rice,0,157,230,402
,./dataset/1/13988.jpg,rice,531,1,721,105
,./dataset/1/13989.jpg,rice,0,114,78,196
,./dataset/1/13991.jpg,rice,63,371,340,636
,./dataset/1/13992.jpg,rice,328,294,578,480
,./dataset/1/13999.jpg,rice,50,161,346,400
,./dataset/1/14002.jpg,rice,8,292,288,478
,./dataset/1/14003.jpg,rice,85,265,250,400
,./dataset/1/14005.jpg,rice,470,73,705,216
,./dataset/1/14006.jpg,rice,170,98,282,214
,./dataset/1/14012.jpg,rice,0,310,236,528
,./dataset/1/14015.jpg,rice,6,245,215,436
,./dataset/1/14016.jpg,rice,6,278,275,528
,./dataset/1/14023.jpg,rice,475,295,718,538
,./dataset/1/14025.jpg,rice,0,236,261,511
,./dataset/1/14036.jpg,rice,55,25,273,235
,./dataset/1/14039.jpg,rice,0,261,206,501
,./dataset/1/14044.jpg,rice,660,490,800,595
,./dataset/1/14048.jpg,rice,0,251,265,526
,./dataset/1/14051.jpg,rice,0,306,265,555
,./dataset/1/14061.jpg,rice,0,250,323,556
,./dataset/1/14069.jpg,rice,106,298,313,478
,./dataset/1/14071.jpg,rice,55,291,251,470
,./dataset/1/14074.jpg,rice,35,355,235,568
,./dataset/1/14076.jpg,rice,55,325,290,543
,./dataset/1/14077.jpg,rice,36,291,283,516
,./dataset/1/14080.jpg,rice,51,353,286,560
,./dataset/1/14082.jpg,rice,28,242,216,444
,./dataset/1/14086.jpg,rice,5,251,290,511
,./dataset/1/14089.jpg,rice,20,213,250,408
,./dataset/1/14093.jpg,rice,0,211,255,395
,./dataset/1/14104.jpg,rice,136,294,318,476
,./dataset/1/14108.jpg,rice,356,220,638,480
,./dataset/1/14115.jpg,rice,138,208,340,412
,./dataset/1/14124.jpg,rice,140,244,362,456
,./dataset/1/14152.jpg,rice,174,266,392,480
,./dataset/1/14170.jpg,rice,316,264,494,434
,./dataset/1/14171.jpg,rice,166,252,468,480
,./dataset/1/14173.jpg,rice,50,294,452,480
,./dataset/1/14182.jpg,rice,11,255,261,495
,./dataset/1/14203.jpg,rice,128,264,372,480
,./dataset/1/14206.jpg,rice,17,205,350,480
,./dataset/1/14235.jpg,rice,43,66,177,160
,./dataset/1/14237.jpg,rice,27,60,146,160
,./dataset/1/14239.jpg,rice,56,76,170,156
,./dataset/1/14240.jpg,rice,14,65,137,160
,./dataset/1/14249.jpg,rice,4,46,128,149
,./dataset/1/14263.jpg,rice,1,77,101,160
,./dataset/1/14267.jpg,rice,48,58,172,160
,./dataset/1/14287.jpg,rice,150,222,501,480
,./dataset/1/14289.jpg,rice,5,126,405,480
,./dataset/1/14291.jpg,rice,425,216,680,468
,./dataset/1/14309.jpg,rice,505,120,778,374
,./dataset/1/14329.jpg,rice,483,29,751,270
,./dataset/1/14341.jpg,rice,0,290,252,478
,./dataset/1/14346.jpg,rice,273,248,511,411
,./dataset/1/14348.jpg,rice,500,161,800,440
,./dataset/1/14348.jpg,rice,241,0,530,128
,./dataset/1/14350.jpg,rice,116,220,425,488
,./dataset/1/14353.jpg,rice,20,255,435,600
,./dataset/1/14354.jpg,rice,0,323,253,600
,./dataset/1/14355.jpg,rice,523,93,800,380
,./dataset/1/14357.jpg,rice,0,241,235,548
,./dataset/1/14364.jpg,rice,318,36,541,258
,./dataset/1/14368.jpg,rice,0,181,356,518
,./dataset/1/14372.jpg,rice,238,316,471,571
,./dataset/1/14388.jpg,rice,0,212,200,434
,./dataset/1/14402.jpg,rice,50,202,255,422
,./dataset/1/14409.jpg,rice,21,215,261,450
,./dataset/1/14411.jpg,rice,326,75,541,220
,./dataset/1/14420.jpg,rice,15,104,142,240
,./dataset/1/14425.jpg,rice,65,6,158,72
,./dataset/1/14445.jpg,rice,41,388,368,640
,./dataset/1/14449.jpg,rice,45,201,336,470
,./dataset/1/14451.jpg,rice,0,306,327,637
,./dataset/1/14495.jpg,rice,0,440,138,582
,./dataset/1/14495.jpg,rice,20,8,120,115
,./dataset/1/14503.jpg,rice,18,232,260,460
,./dataset/1/14505.jpg,rice,76,228,308,476
,./dataset/1/14510.jpg,rice,8,192,260,438
,./dataset/1/14519.jpg,rice,0,243,355,560
,./dataset/1/14522.jpg,rice,0,153,238,401
,./dataset/1/14526.jpg,rice,0,296,333,596
,./dataset/1/14565.jpg,rice,0,94,100,200
,./dataset/1/14576.jpg,rice,4,234,205,488
,./dataset/1/14577.jpg,rice,66,293,356,593
,./dataset/1/14584.jpg,rice,333,50,548,266
,./dataset/1/14588.jpg,rice,3,175,356,525
,./dataset/1/14592.jpg,rice,235,320,441,541
,./dataset/1/14595.jpg,rice,1,34,102,142
,./dataset/1/14596.jpg,rice,76,148,198,239
,./dataset/1/14600.jpg,rice,168,102,283,238
,./dataset/1/14603.jpg,rice,285,303,525,545
,./dataset/1/14605.jpg,rice,83,268,336,536
,./dataset/1/14607.jpg,rice,460,170,660,370
,./dataset/1/14609.jpg,rice,503,306,771,550
,./dataset/1/14615.jpg,rice,493,16,746,268
,./dataset/1/14616.jpg,rice,3,286,288,591
,./dataset/1/14619.jpg,rice,28,236,232,464
,./dataset/1/14621.jpg,rice,80,246,296,468
,./dataset/1/14626.jpg,rice,12,186,242,436
,./dataset/1/14636.jpg,rice,8,198,344,478
,./dataset/1/14642.jpg,rice,200,182,428,414
,./dataset/1/14644.jpg,rice,76,10,294,202
,./dataset/1/14651.jpg,rice,312,278,618,480
,./dataset/1/14663.jpg,rice,132,262,354,480
,./dataset/1/14666.jpg,rice,52,224,354,480
,./dataset/1/14668.jpg,rice,5,132,200,297
,./dataset/1/14689.jpg,rice,0,140,306,362
,./dataset/1/14698.jpg,rice,26,224,238,406
,./dataset/1/14699.jpg,rice,12,222,288,480
,./dataset/1/14723.jpg,rice,14,109,146,239
,./dataset/1/14728.jpg,rice,65,6,155,72
,./dataset/1/14746.jpg,rice,20,0,580,480
,./dataset/1/14751.jpg,rice,14,0,588,480
,./dataset/1/14759.jpg,rice,106,88,401,346
,./dataset/1/14787.jpg,rice,58,244,280,426
,./dataset/1/14797.jpg,rice,28,12,290,258
,./dataset/1/14799.jpg,rice,52,196,272,414
,./dataset/1/14802.jpg,rice,366,172,552,372
,./dataset/1/14805.jpg,rice,153,2,423,262
,./dataset/1/14806.jpg,rice,60,189,240,320
,./dataset/1/14812.jpg,rice,56,240,290,480
,./dataset/1/14813.jpg,rice,412,108,640,354
,./dataset/1/14814.jpg,rice,40,116,298,298
,./dataset/1/14817.jpg,rice,61,520,368,800
,./dataset/1/14818.jpg,rice,0,53,256,333
,./dataset/1/14822.jpg,rice,0,134,258,320
,./dataset/1/14828.jpg,rice,0,142,250,426
,./dataset/1/14829.jpg,rice,20,0,170,113
,./dataset/1/14834.jpg,rice,80,248,274,430
,./dataset/1/14835.jpg,rice,264,22,490,212
,./dataset/1/14853.jpg,rice,316,48,536,204
,./dataset/1/14867.jpg,rice,0,144,248,382
,./dataset/1/14868.jpg,rice,34,182,366,466
,./dataset/1/14877.jpg,rice,1,284,295,556
,./dataset/1/14880.jpg,rice,420,22,608,202
,./dataset/1/14881.jpg,rice,32,236,188,404
,./dataset/1/14885.jpg,rice,56,235,336,483
,./dataset/1/14886.jpg,rice,0,187,200,384
,./dataset/1/14887.jpg,rice,0,241,208,468
,./dataset/1/14890.jpg,rice,390,311,661,561
,./dataset/1/14899.jpg,rice,4,183,250,394
,./dataset/1/14902.jpg,rice,24,35,240,189
,./dataset/1/14903.jpg,rice,33,330,290,585
,./dataset/1/14906.jpg,rice,185,0,401,266
,./dataset/1/14909.jpg,rice,284,272,516,480
,./dataset/1/14909.jpg,rice,0,192,308,480
,./dataset/1/14910.jpg,rice,0,124,224,320
,./dataset/1/14919.jpg,rice,93,216,296,421
,./dataset/1/14920.jpg,rice,34,80,307,353
,./dataset/1/14920.jpg,rice,292,173,450,395
,./dataset/1/14921.jpg,rice,88,108,272,300
,./dataset/1/14923.jpg,rice,5,220,283,511
,./dataset/1/14987.jpg,rice,408,210,618,412
,./dataset/1/14992.jpg,rice,0,160,273,495
,./dataset/1/15019.jpg,rice,468,143,640,322
,./dataset/1/15041.jpg,rice,0,58,233,264
,./dataset/1/15083.jpg,rice,0,127,265,368
,./dataset/1/15085.jpg,rice,211,0,431,91
,./dataset/1/15098.jpg,rice,12,15,210,144
,./dataset/1/15104.jpg,rice,2,165,192,345
,./dataset/1/15113.jpg,rice,416,212,640,432
,./dataset/1/15134.jpg,rice,0,218,163,426
,./dataset/1/15148.jpg,rice,27,46,303,231
,./dataset/1/15154.jpg,rice,68,164,270,364
,./dataset/1/15165.jpg,rice,0,154,273,441
,./dataset/1/15167.jpg,rice,0,0,600,450
,./dataset/1/15175.jpg,rice,216,99,384,330
,./dataset/1/15176.jpg,rice,0,150,187,335
,./dataset/1/15179.jpg,rice,378,182,523,303
,./dataset/1/15189.jpg,rice,43,128,285,314
,./dataset/1/15217.jpg,rice,83,101,272,299
,./dataset/1/15246.jpg,rice,7,161,210,358
,./dataset/1/15259.jpg,rice,261,15,387,120
,./dataset/1/15286.jpg,rice,371,125,578,287
,./dataset/1/15293.jpg,rice,16,206,204,398
,./dataset/1/15300.jpg,rice,222,0,450,156
,./dataset/1/15301.jpg,rice,306,200,502,420
,./dataset/1/15310.jpg,rice,298,3,502,180
,./dataset/1/15311.jpg,rice,52,162,227,312
,./dataset/1/15335.jpg,rice,278,258,496,472
,./dataset/1/15342.jpg,rice,362,164,519,308
,./dataset/1/15352.jpg,rice,349,0,555,189
,./dataset/1/15354.jpg,rice,25,157,261,486
,./dataset/1/15357.jpg,rice,170,170,384,408
,./dataset/1/15358.jpg,rice,90,119,266,285
,./dataset/1/15363.jpg,rice,398,40,600,237
,./dataset/1/15364.jpg,rice,33,114,204,234
,./dataset/1/15364.jpg,rice,12,0,174,84
,./dataset/1/15366.jpg,rice,0,340,151,570
,./dataset/1/15370.jpg,rice,0,316,251,576
,./dataset/1/15373.jpg,rice,0,121,198,291
,./dataset/1/15389.jpg,rice,0,75,282,327
,./dataset/1/15393.jpg,rice,0,189,180,392
,./dataset/1/15414.jpg,rice,42,172,252,383
,./dataset/1/15415.jpg,rice,64,202,206,355
,./dataset/1/15419.jpg,rice,287,43,488,260
,./dataset/1/15424.jpg,rice,240,129,600,389
,./dataset/1/15440.jpg,rice,24,101,232,277
,./dataset/1/15454.jpg,rice,99,321,286,480
,./dataset/1/15467.jpg,rice,6,144,171,304
,./dataset/1/15471.jpg,rice,352,158,600,430
,./dataset/1/15479.jpg,rice,0,198,253,450
,./dataset/1/15505.jpg,rice,320,21,470,171
,./dataset/1/15506.jpg,rice,0,218,195,428
,./dataset/1/15507.jpg,rice,20,67,235,304
,./dataset/1/15521.jpg,rice,301,184,590,449
,./dataset/1/15524.jpg,rice,30,0,302,264
,./dataset/1/15534.jpg,rice,87,0,351,217
,./dataset/1/15537.jpg,rice,362,183,598,435
,./dataset/1/15542.jpg,rice,116,201,346,380
,./dataset/1/15545.jpg,rice,0,111,243,366
,./dataset/1/15555.jpg,rice,228,223,455,448
,./dataset/1/15559.jpg,rice,153,0,408,222
,./dataset/1/15560.jpg,rice,23,135,305,417
,./dataset/1/15563.jpg,rice,0,0,182,195
,./dataset/1/15564.jpg,rice,2,40,577,464
,./dataset/1/15565.jpg,rice,0,0,162,147
,./dataset/1/15583.jpg,rice,207,60,475,327
,./dataset/1/15589.jpg,rice,310,187,570,448
,./dataset/1/15644.jpg,rice,83,26,292,232
,./dataset/1/15655.jpg,rice,70,63,271,258
,./dataset/1/15657.jpg,rice,356,30,590,253
,./dataset/1/15683.jpg,rice,16,20,215,173
,./dataset/1/15687.jpg,rice,16,187,241,418
,./dataset/1/15694.jpg,rice,0,95,280,358
,./dataset/1/15706.jpg,rice,0,135,266,410
,./dataset/1/15707.jpg,rice,90,197,317,360
,./dataset/1/15719.jpg,rice,166,212,396,432
,./dataset/1/15732.jpg,rice,13,160,233,351
,./dataset/1/15735.jpg,rice,192,176,496,448
,./dataset/1/15741.jpg,rice,265,157,506,360
,./dataset/1/15749.jpg,rice,30,72,238,277
,./dataset/1/15766.jpg,rice,286,207,550,450
,./dataset/1/15771.jpg,rice,221,43,600,435
,./dataset/1/15789.jpg,rice,0,168,232,403
,./dataset/1/15792.jpg,rice,0,49,211,278
,./dataset/1/15797.jpg,rice,0,83,253,330
,./dataset/1/15803.jpg,rice,0,161,235,426
,./dataset/1/15806.jpg,rice,316,0,565,217
,./dataset/1/15812.jpg,rice,0,193,255,435
,./dataset/1/15821.jpg,rice,295,142,588,436
,./dataset/1/15832.jpg,rice,28,267,236,446
,./dataset/1/15842.jpg,rice,191,43,600,450
,./dataset/1/15849.jpg,rice,57,142,290,348
,./dataset/1/15850.jpg,rice,338,197,583,450
,./dataset/1/15875.jpg,rice,263,3,422,152
,./dataset/1/15885.jpg,rice,412,143,591,315
,./dataset/1/15892.jpg,rice,406,126,591,288
,./dataset/1/15894.jpg,rice,0,157,213,382
,./dataset/1/15895.jpg,rice,276,0,540,183
,./dataset/1/15921.jpg,rice,433,8,558,125
,./dataset/1/15924.jpg,rice,0,164,211,346
,./dataset/1/15930.jpg,rice,0,133,293,410
,./dataset/1/15942.jpg,rice,298,145,600,450
,./dataset/1/15946.jpg,rice,83,180,331,357
,./dataset/1/15969.jpg,rice,405,168,616,346
,./dataset/1/15973.jpg,rice,3,189,242,360
,./dataset/1/16000.jpg,rice,286,145,572,421
,./dataset/1/16012.jpg,rice,35,27,273,205
,./dataset/1/16033.jpg,rice,210,152,545,450
,./dataset/1/16034.jpg,rice,0,110,261,331
,./dataset/1/16036.jpg,rice,1,167,242,366
,./dataset/1/16050.jpg,rice,1,173,302,447
,./dataset/1/16060.jpg,rice,17,366,248,624
,./dataset/1/16061.jpg,rice,388,156,576,323
,./dataset/1/16069.jpg,rice,13,102,262,309
,./dataset/1/16093.jpg,rice,222,9,420,202
,./dataset/1/16124.jpg,rice,80,200,222,326
,./dataset/1/16164.jpg,rice,338,197,592,440
,./dataset/1/16191.jpg,rice,12,206,261,430
,./dataset/1/16237.jpg,rice,113,252,533,449
,./dataset/1/16260.jpg,rice,201,222,468,382
,./dataset/1/16263.jpg,rice,368,190,558,362
,./dataset/1/16279.jpg,rice,201,31,560,193
,./dataset/1/16285.jpg,rice,395,172,597,371
,./dataset/1/16287.jpg,rice,52,27,287,445
,./dataset/1/16290.jpg,rice,5,143,368,448
,./dataset/1/16556.jpg,rice,21,245,240,443
,./dataset/1/16557.jpg,rice,8,193,291,446
,./dataset/1/16590.jpg,rice,11,217,246,417
,./dataset/1/16600.jpg,rice,383,193,598,405
,./dataset/1/16614.jpg,rice,2,170,281,406
,./dataset/1/16615.jpg,rice,6,156,256,381
,./dataset/1/16641.jpg,rice,5,196,271,423
,./dataset/1/16643.jpg,rice,25,196,261,410
,./dataset/1/16644.jpg,rice,302,70,597,325
,./dataset/1/16669.jpg,rice,40,185,252,378
,./dataset/1/16670.jpg,rice,405,203,590,382
,./dataset/1/16674.jpg,rice,16,193,237,401
,./dataset/1/16675.jpg,rice,1,196,207,395
,./dataset/1/16680.jpg,rice,10,222,222,417
,./dataset/1/16685.jpg,rice,56,5,266,178
,./dataset/1/16686.jpg,rice,24,211,260,428
,./dataset/1/16690.jpg,rice,12,200,308,457
,./dataset/1/16691.jpg,rice,433,128,640,378
,./dataset/1/16695.jpg,rice,6,146,325,453
,./dataset/1/16701.jpg,rice,364,197,629,460
,./dataset/1/16706.jpg,rice,24,190,302,426
